date,1. open,2. high,3. low,4. close,5. volume
2023-01-27 20:00:00,134.44,134.51,134.44,134.5,863.0
2023-01-27 19:45:00,134.5,134.51,134.5,134.51,401.0
2023-01-27 19:30:00,134.44,134.44,134.44,134.44,100.0
2023-01-27 19:15:00,134.41,134.41,134.41,134.41,100.0
2023-01-27 18:45:00,134.4,134.4,134.4,134.4,304.0
2023-01-27 18:00:00,134.45,134.45,134.45,134.45,253.0
2023-01-27 17:45:00,134.45,134.47,134.45,134.45,905.0
2023-01-27 17:30:00,134.51,134.51,134.51,134.51,144.0
2023-01-27 17:00:00,134.5,134.66,134.5,134.66,5537.0
2023-01-27 16:45:00,134.5,134.5,134.5,134.5,2389.0
2023-01-27 16:30:00,134.39,134.61,134.39,134.5,1844.0
2023-01-27 16:15:00,134.39,134.71,134.38,134.7,107951.0
2023-01-27 16:00:00,134.805,134.805,134.305,134.38,720812.0
2023-01-27 15:45:00,135.03,135.1215,134.77,134.8,286253.0
2023-01-27 15:30:00,135.03,135.07,134.831,135.021,219598.0
2023-01-27 15:15:00,135.04,135.19,135.02,135.025,139628.0
2023-01-27 15:00:00,134.935,135.1127,134.9,135.03,128399.0
2023-01-27 14:45:00,135.1,135.175,134.9,134.935,141786.0
2023-01-27 14:30:00,135.22,135.26,135.0401,135.11,120467.0
2023-01-27 14:15:00,135.15,135.33,135.0935,135.23,183149.0
2023-01-27 14:00:00,135.25,135.275,135.1,135.1501,113302.0
2023-01-27 13:45:00,135.13,135.335,135.08,135.26,114971.0
2023-01-27 13:30:00,135.1207,135.3312,135.03,135.15,129407.0
2023-01-27 13:15:00,135.36,135.43,135.08,135.12,160046.0
2023-01-27 13:00:00,134.895,135.488,134.86,135.38,273591.0
2023-01-27 12:45:00,134.64,134.95,134.61,134.915,93393.0
2023-01-27 12:30:00,134.57,134.89,134.5501,134.65,172035.0
2023-01-27 12:15:00,134.535,134.62,134.26,134.58,177288.0
2023-01-27 12:00:00,134.59,134.61,134.5,134.55,205829.0
2023-01-27 11:45:00,134.15,134.75,134.15,134.59,186040.0
2023-01-27 11:30:00,134.055,134.24,133.975,134.15,105423.0
2023-01-27 11:15:00,134.35,134.51,133.96,134.0581,157920.0
2023-01-27 11:00:00,133.88,134.41,133.7701,134.375,264092.0
2023-01-27 10:45:00,134.19,134.3,133.8795,133.88,383050.0
2023-01-27 10:30:00,134.62,134.82,134.17,134.1899,732404.0
2023-01-27 10:15:00,134.55,135.0,134.26,134.61,520493.0
2023-01-27 10:00:00,134.87,135.18,134.51,134.565,771064.0
2023-01-27 09:45:00,134.44,134.92,133.98,134.87,543705.0
2023-01-27 09:30:00,134.5,134.81,134.4,134.8,4101.0
2023-01-27 09:15:00,134.55,134.55,134.45,134.45,872.0
2023-01-27 09:00:00,134.5,134.56,134.5,134.56,2112.0
2023-01-27 08:45:00,134.01,134.5,134.01,134.5,5101.0
2023-01-27 08:30:00,134.36,134.36,134.3,134.3,3368.0
2023-01-27 08:15:00,134.55,134.56,134.36,134.37,5505.0
2023-01-27 07:45:00,134.55,134.55,134.55,134.55,1331.0
2023-01-27 07:30:00,134.55,134.55,134.4,134.4,633.0
2023-01-27 07:15:00,134.6,134.8,134.4,134.46,5258.0
2023-01-27 07:00:00,134.65,134.75,134.65,134.75,612.0
2023-01-27 06:45:00,134.64,134.64,134.64,134.64,229.0
2023-01-27 06:30:00,134.65,134.65,134.65,134.65,216.0
2023-01-26 20:00:00,134.06,134.22,134.06,134.2,3232.0
2023-01-26 19:45:00,134.11,134.11,134.11,134.11,210.0
2023-01-26 19:30:00,134.07,134.12,134.07,134.12,934.0
2023-01-26 19:15:00,134.01,134.07,134.01,134.07,200.0
2023-01-26 18:45:00,134.1,134.1,134.03,134.07,1525.0
2023-01-26 18:30:00,134.24,134.24,134.12,134.12,846.0
2023-01-26 18:15:00,134.12,134.12,134.12,134.12,500.0
2023-01-26 18:00:00,134.29,134.31,134.14,134.14,876.0
2023-01-26 17:45:00,134.22,134.45,134.15,134.15,2575.0
2023-01-26 17:30:00,134.22,134.22,134.16,134.16,810.0
2023-01-26 17:00:00,134.18,134.25,134.14,134.23,2972.0
2023-01-26 16:45:00,134.28,134.3,134.18,134.18,3501.0
2023-01-26 16:30:00,134.3913,134.4,134.2,134.2,3734.0
2023-01-26 16:15:00,134.45,134.52,134.3,134.42,91559.0
2023-01-26 16:00:00,134.55,134.88,134.19,134.45,1206065.0
2023-01-26 15:45:00,135.39,135.45,134.48,134.555,618678.0
2023-01-26 15:30:00,135.36,135.5099,135.04,135.39,559532.0
2023-01-26 15:15:00,134.975,135.4499,134.95,135.36,435570.0
2023-01-26 15:00:00,135.1362,135.55,134.88,134.99,547322.0
2023-01-26 14:45:00,134.55,135.245,134.47,135.135,346639.0
2023-01-26 14:30:00,134.58,134.82,134.23,134.5483,433331.0
2023-01-26 14:15:00,134.72,134.86,134.52,134.585,328340.0
2023-01-26 14:00:00,134.415,134.95,134.27,134.73,492799.0
2023-01-26 13:45:00,134.0954,134.59,134.01,134.4,337940.0
2023-01-26 13:30:00,133.88,134.22,133.75,134.12,330312.0
2023-01-26 13:15:00,133.34,133.92,133.29,133.92,356029.0
2023-01-26 13:00:00,133.395,133.51,133.1,133.35,396453.0
2023-01-26 12:45:00,133.985,134.05,133.4,133.43,305866.0
2023-01-26 12:30:00,134.08,134.13,133.72,133.98,264510.0
2023-01-26 12:15:00,134.01,134.56,133.9,134.0901,328996.0
2023-01-26 12:00:00,134.27,134.3,133.72,134.0,416528.0
2023-01-26 11:45:00,133.87,134.4899,133.87,134.2912,520345.0
2023-01-26 11:30:00,133.39,133.92,133.365,133.8432,684351.0
2023-01-26 11:15:00,133.9,134.02,132.98,133.42,964232.0
2023-01-26 11:00:00,134.14,134.46,133.71,133.905,705504.0
2023-01-26 10:45:00,134.91,135.21,134.082,134.125,577897.0
2023-01-26 10:30:00,134.25,135.42,134.11,134.94,760198.0
2023-01-26 10:15:00,135.56,136.4,134.22,134.25,1030228.0
2023-01-26 10:00:00,135.42,136.16,135.1,135.539,887840.0
2023-01-26 09:45:00,137.53,138.27,134.45,135.45,2671354.0
2023-01-26 09:30:00,137.7,138.5,137.3335,137.5,51532.0
2023-01-26 09:15:00,137.685,137.85,137.5,137.8,23620.0
2023-01-26 09:00:00,137.4,137.7,137.4,137.65,14028.0
2023-01-26 08:45:00,137.11,137.79,136.8,137.3,22261.0
2023-01-26 08:30:00,137.1496,137.19,136.7,137.19,14333.0
2023-01-26 08:15:00,137.5,138.01,136.65,137.17,50453.0
2023-01-26 08:00:00,137.9,138.0,137.52,137.52,8083.0
2023-01-26 07:45:00,137.8,137.99,137.77,137.77,2687.0
2023-01-26 07:30:00,137.44,137.75,137.26,137.56,7013.0
2023-01-26 07:15:00,137.98,137.98,137.3,137.3,7711.0
2023-01-26 07:00:00,137.98,137.98,137.8,137.8,816.0
2023-01-26 06:45:00,137.75,137.75,137.75,137.75,371.0
2023-01-26 06:30:00,137.91,137.91,137.68,137.75,1981.0
2023-01-26 06:15:00,137.97,137.97,137.97,137.97,220.0
2023-01-26 06:00:00,137.98,137.98,137.98,137.98,200.0
2023-01-26 05:45:00,138.0,138.0,138.0,138.0,338.0
2023-01-26 04:30:00,138.58,138.88,137.69,137.89,34663.0
2023-01-26 04:15:00,138.31,138.99,138.31,138.5,1540.0
2023-01-25 20:00:00,138.0,138.0,137.9001,137.98,10543.0
2023-01-25 19:45:00,137.9,138.0,137.9,138.0,6062.0
2023-01-25 19:30:00,137.9,137.9,137.63,137.8,5697.0
2023-01-25 19:15:00,138.0,138.0,137.89,137.89,3892.0
2023-01-25 19:00:00,137.8,138.0,137.68,138.0,12284.0
2023-01-25 18:45:00,138.0,138.0,137.55,137.75,8177.0
2023-01-25 18:30:00,137.82,137.99,137.69,137.99,10020.0
2023-01-25 18:15:00,137.5,138.0,137.5,137.89,18267.0
2023-01-25 18:00:00,137.45,140.76,137.14,137.4948,21563.0
2023-01-25 17:45:00,137.5,137.62,137.11,137.35,21410.0
2023-01-25 17:30:00,137.68,138.35,137.2578,137.2578,48799.0
2023-01-25 17:15:00,137.26,138.24,137.2,137.68,62455.0
2023-01-25 17:00:00,138.5,138.92,137.02,137.25,121133.0
2023-01-25 16:45:00,140.8,140.99,138.1,138.1,73518.0
2023-01-25 16:30:00,141.1,141.3,140.3,140.92,175866.0
2023-01-25 16:15:00,140.76,144.5,138.59,141.2,204576.0
2023-01-25 16:00:00,140.675,140.76,140.42,140.74,1038455.0
2023-01-25 15:45:00,140.93,141.03,140.52,140.675,484909.0
2023-01-25 15:30:00,140.75,140.92,140.56,140.92,268665.0
2023-01-25 15:15:00,140.8,140.97,140.67,140.75,269469.0
2023-01-25 15:00:00,140.495,140.82,140.39,140.8,209390.0
2023-01-25 14:45:00,140.61,140.69,140.45,140.4999,178986.0
2023-01-25 14:30:00,140.675,140.955,140.6,140.6,144730.0
2023-01-25 14:15:00,140.67,140.71,140.45,140.66,122690.0
2023-01-25 14:00:00,140.65,140.774,140.51,140.67,205736.0
2023-01-25 13:45:00,140.62,140.72,140.48,140.665,200253.0
2023-01-25 13:30:00,140.09,140.65,140.0757,140.5965,155989.0
2023-01-25 13:15:00,139.9433,140.14,139.835,140.08,145611.0
2023-01-25 13:00:00,140.01,140.02,139.86,139.94,107283.0
2023-01-25 12:45:00,140.005,140.07,139.92,140.03,116026.0
2023-01-25 12:30:00,139.75,140.03,139.74,140.005,148050.0
2023-01-25 12:15:00,140.35,140.39,139.68,139.75,329069.0
2023-01-25 12:00:00,139.99,140.54,139.85,140.345,179325.0
2023-01-25 11:45:00,140.23,140.26,139.88,139.95,173560.0
2023-01-25 11:30:00,139.98,140.5,139.9,140.23,260536.0
2023-01-25 11:15:00,139.675,139.97,139.47,139.965,158615.0
2023-01-25 11:00:00,139.625,139.785,139.36,139.705,164653.0
2023-01-25 10:45:00,139.985,140.02,139.46,139.635,234988.0
2023-01-25 10:30:00,140.04,140.275,139.92,139.99,153919.0
2023-01-25 10:15:00,139.85,140.32,139.8,140.06,215134.0
2023-01-25 10:00:00,140.035,140.22,139.77,139.9,164673.0
2023-01-25 09:45:00,140.47,140.5599,139.6,140.04,275547.0
2023-01-25 09:30:00,140.49,140.6,140.48,140.5,2242.0
2023-01-25 09:15:00,140.87,140.87,140.59,140.59,989.0
2023-01-25 09:00:00,140.2415,140.9685,140.2415,140.9685,317.0
2023-01-25 08:45:00,140.999,140.999,140.4,140.9749,1122.0
2023-01-25 08:15:00,141.0,141.28,141.0,141.0,3308.0
2023-01-25 08:00:00,141.03,141.03,141.03,141.03,100.0
2023-01-25 07:45:00,141.24,141.27,141.24,141.27,597.0
2023-01-25 07:15:00,141.25,141.25,141.25,141.25,309.0
2023-01-25 04:30:00,141.52,141.52,141.52,141.52,384.0
2023-01-24 20:00:00,141.05,141.44,141.05,141.44,472.0
2023-01-24 19:15:00,141.22,141.22,141.22,141.22,669.0
2023-01-24 18:30:00,141.56,141.56,141.48,141.48,1551.0
2023-01-24 18:15:00,141.8,141.8,141.8,141.8,100.0
2023-01-24 18:00:00,141.8,141.8,141.8,141.8,721.0
2023-01-24 17:45:00,141.8,142.0,141.8,142.0,466.0
2023-01-24 17:30:00,141.81,141.81,141.8,141.8,1000.0
2023-01-24 17:00:00,142.55,142.55,141.8,141.8,297.0
2023-01-24 16:45:00,142.25,142.25,141.49,141.85,8441.0
2023-01-24 16:30:00,142.0,142.0,142.0,142.0,3670.0
2023-01-24 16:15:00,141.49,142.91,141.49,142.0,368603.0
2023-01-24 16:00:00,141.29,141.69,141.205,141.49,579764.0
2023-01-24 15:45:00,141.8,141.82,141.275,141.3,154653.0
2023-01-24 15:30:00,141.82,141.87,141.71,141.8,107747.0
2023-01-24 15:15:00,141.82,141.9,141.72,141.83,115824.0
2023-01-24 15:00:00,141.68,141.825,141.68,141.805,122937.0
2023-01-24 14:45:00,141.56,141.71,141.56,141.67,70739.0
2023-01-24 14:30:00,141.3,141.575,141.26,141.565,69730.0
2023-01-24 14:15:00,141.59,141.6,141.28,141.295,74797.0
2023-01-24 14:00:00,141.57,141.7,141.5401,141.61,65805.0
2023-01-24 13:45:00,141.46,141.59,141.4,141.57,70515.0
2023-01-24 13:30:00,141.58,141.93,141.44,141.4511,327257.0
2023-01-24 13:15:00,141.48,141.62,141.38,141.57,78053.0
2023-01-24 13:00:00,141.475,141.53,141.32,141.49,90980.0
2023-01-24 12:45:00,141.52,141.55,141.39,141.48,62129.0
2023-01-24 12:30:00,141.59,141.66,141.49,141.53,58793.0
2023-01-24 12:15:00,141.82,141.82,140.0,141.59,112473.0
2023-01-24 12:00:00,141.91,141.96,141.74,141.83,133382.0
2023-01-24 11:45:00,142.4,142.41,141.89,141.92,136894.0
2023-01-24 11:30:00,142.27,142.41,142.1,142.4,122654.0
2023-01-24 11:15:00,142.67,142.67,142.25,142.29,131482.0
2023-01-24 11:00:00,142.19,142.75,142.17,142.64,207995.0
2023-01-24 10:45:00,141.97,142.22,141.73,142.18,175311.0
2023-01-24 10:30:00,141.6,142.0,141.4,141.975,121119.0
2023-01-24 10:15:00,141.37,141.83,141.34,141.59,107655.0
2023-01-24 10:00:00,141.01,141.685,140.85,141.34,129396.0
2023-01-24 09:45:00,141.25,142.35,140.0,141.0,261327.0
2023-01-24 09:30:00,141.63,142.0,141.3,141.38,5672.0
2023-01-24 09:15:00,141.3,141.81,141.3,141.81,900.0
2023-01-24 08:00:00,141.76,141.76,141.76,141.76,114.0
2023-01-24 07:45:00,141.84,141.84,141.84,141.84,210.0
2023-01-24 06:45:00,141.9,141.9,141.9,141.9,100.0
2023-01-24 06:30:00,141.64,142.0,141.64,142.0,1559.0
2023-01-23 19:30:00,141.86,141.86,141.86,141.86,516.0
2023-01-23 18:00:00,142.0,142.0,142.0,142.0,320.0
2023-01-23 17:30:00,141.8,141.8,141.8,141.8,170.0
2023-01-23 16:30:00,141.86,141.86,141.86,141.86,30805.0
2023-01-23 16:15:00,141.86,141.86,141.86,141.86,57733.0
2023-01-23 16:00:00,141.76,141.98,141.66,141.86,538465.0
2023-01-23 15:45:00,141.6956,141.85,141.615,141.75,164629.0
2023-01-23 15:30:00,141.77,141.86,141.555,141.69,156859.0
2023-01-23 15:15:00,141.61,141.85,141.565,141.7538,157630.0
2023-01-23 15:00:00,141.92,141.92,141.48,141.595,111803.0
2023-01-23 14:45:00,141.97,142.1599,141.94,141.94,114056.0
2023-01-23 14:30:00,142.56,142.56,141.93,141.971,74362.0
2023-01-23 14:15:00,142.625,142.6825,142.446,142.57,160495.0
2023-01-23 14:00:00,142.61,142.785,142.58,142.62,113234.0
2023-01-23 13:45:00,142.12,142.635,142.1139,142.61,120784.0
2023-01-23 13:30:00,142.14,142.4825,142.11,142.115,112317.0
2023-01-23 13:15:00,141.885,142.17,141.85,142.16,82114.0
2023-01-23 13:00:00,141.98,141.995,141.76,141.89,75050.0
2023-01-23 12:45:00,142.0,142.28,141.93,142.0,121715.0
2023-01-23 12:30:00,141.97,142.21,141.935,141.99,102698.0
2023-01-23 12:15:00,142.42,142.45,141.97,141.985,138337.0
2023-01-23 12:00:00,142.715,142.985,142.38,142.42,176649.0
2023-01-23 11:45:00,142.255,142.71,141.71,142.69,680597.0
2023-01-23 11:30:00,141.84,142.41,141.8,142.221,212046.0
2023-01-23 11:15:00,141.29,141.93,141.235,141.83,204471.0
2023-01-23 11:00:00,141.09,141.45,141.06,141.29,123988.0
2023-01-23 10:45:00,141.56,141.62,141.09,141.1,124563.0
2023-01-23 10:30:00,141.47,141.78,141.45,141.56,394931.0
2023-01-23 10:15:00,141.475,141.5,141.16,141.465,431527.0
2023-01-23 10:00:00,141.38,141.56,141.31,141.465,202880.0
2023-01-23 09:45:00,141.4,141.835,141.22,141.39,326692.0
2023-01-23 09:30:00,141.65,141.72,141.65,141.72,864.0
2023-01-23 09:00:00,141.42,141.51,141.42,141.42,679.0
2023-01-23 08:45:00,141.5,141.8096,141.31,141.8096,2576.0
2023-01-23 08:30:00,141.5,141.58,141.5,141.58,701.0
2023-01-23 08:15:00,141.4,141.4,141.4,141.4,365.0
2023-01-23 08:00:00,141.45,141.45,141.45,141.45,126.0
2023-01-23 07:00:00,141.6,141.6,141.6,141.6,533.0
2023-01-20 20:00:00,141.4,141.4,141.4,141.4,300.0
2023-01-20 18:15:00,141.2,141.3999,141.2,141.3999,41360.0
2023-01-20 17:00:00,141.35,141.35,141.3,141.3,802.0
2023-01-20 16:45:00,141.48,141.48,141.48,141.48,840.0
2023-01-20 16:30:00,141.2,141.2,141.2,141.2,1316.0
2023-01-20 16:15:00,141.2,141.2,141.2,141.2,131813.0
2023-01-20 16:00:00,141.06,141.29,141.03,141.2,661140.0
2023-01-20 15:45:00,141.04,141.135,140.9,141.07,220929.0
2023-01-20 15:30:00,141.12,141.1999,140.895,141.04,885436.0
2023-01-20 15:15:00,140.96,141.17,140.9123,141.115,220185.0
2023-01-20 15:00:00,140.91,140.97,140.78,140.95,148011.0
2023-01-20 14:45:00,140.74,141.015,140.74,140.92,186621.0
2023-01-20 14:30:00,140.72,140.9,140.66,140.74,439438.0
2023-01-20 14:15:00,140.81,140.88,140.7,140.72,211129.0
2023-01-20 14:00:00,140.9,141.12,140.76,140.805,214911.0
2023-01-20 13:45:00,140.66,141.07,140.66,140.89,130869.0
2023-01-20 13:30:00,140.79,140.81,140.55,140.65,123018.0
2023-01-20 13:15:00,140.81,140.92,140.53,140.79,94763.0
2023-01-20 13:00:00,140.82,140.95,140.745,140.805,69348.0
2023-01-20 12:45:00,140.97,140.99,140.815,140.825,73335.0
2023-01-20 12:30:00,141.07,141.16,140.945,140.97,74281.0
2023-01-20 12:15:00,141.136,141.19,141.01,141.08,55033.0
2023-01-20 12:00:00,141.355,141.43,141.12,141.15,59972.0
2023-01-20 11:45:00,141.46,141.53,141.31,141.365,78359.0
2023-01-20 11:30:00,141.47,141.55,141.365,141.455,70293.0
2023-01-20 11:15:00,141.22,141.59,141.19,141.46,57102.0
2023-01-20 11:00:00,141.43,141.555,141.19,141.2,89865.0
2023-01-20 10:45:00,141.585,141.59,141.38,141.43,96966.0
2023-01-20 10:30:00,141.22,141.565,141.05,141.535,83562.0
2023-01-20 10:15:00,140.56,141.43,140.51,141.24,87619.0
2023-01-20 10:00:00,141.62,141.62,140.51,140.54,560236.0
2023-01-20 09:45:00,141.67,141.86,141.04,141.64,604193.0
2023-01-20 09:30:00,140.95,141.88,140.75,141.88,6238.0
2023-01-20 09:00:00,140.75,140.75,140.75,140.75,245.0
2023-01-20 08:45:00,140.75,140.9,140.73,140.75,1496.0
2023-01-20 08:30:00,140.25,140.29,140.25,140.29,421.0
2023-01-20 08:15:00,140.1202,140.45,140.1202,140.45,1159.0
2023-01-19 20:00:00,140.72,140.72,140.72,140.72,151.0
2023-01-19 19:00:00,140.62,140.62,140.62,140.62,610.0
2023-01-19 18:45:00,140.65,140.65,140.6,140.64,744.0
2023-01-19 17:45:00,140.8,140.8,140.62,140.7999,778.0
2023-01-19 17:30:00,140.8,140.8,140.8,140.8,100.0
2023-01-19 17:15:00,140.83,140.83,140.34,140.34,3097.0
2023-01-19 17:00:00,140.71,140.71,140.7,140.7,500.0
2023-01-19 16:45:00,140.7,140.84,140.7,140.84,700.0
2023-01-19 16:30:00,140.5015,140.8085,140.5015,140.8085,227.0
2023-01-19 16:15:00,140.62,140.84,140.62,140.62,98073.0
2023-01-19 16:00:00,141.2216,141.25,140.58,140.6,652177.0
2023-01-19 15:45:00,141.48,141.545,141.2085,141.23,167655.0
2023-01-19 15:30:00,141.66,141.705,141.41,141.47,179308.0
2023-01-19 15:15:00,141.94,141.95,141.61,141.66,121152.0
2023-01-19 15:00:00,142.1,142.18,141.9,141.93,77643.0
2023-01-19 14:45:00,141.99,142.23,141.9,142.08,96687.0
2023-01-19 14:30:00,141.82,141.99,141.77,141.975,61691.0
2023-01-19 14:15:00,141.67,141.86,141.47,141.86,52613.0
2023-01-19 14:00:00,141.72,141.75,141.555,141.66,50471.0
2023-01-19 13:45:00,141.72,141.92,141.7,141.71,66151.0
2023-01-19 13:30:00,141.61,141.83,141.47,141.7,64224.0
2023-01-19 13:15:00,141.48,141.755,141.48,141.635,67379.0
2023-01-19 13:00:00,141.37,141.48,141.235,141.46,54379.0
2023-01-19 12:45:00,141.4501,141.58,141.31,141.36,62168.0
2023-01-19 12:30:00,141.51,141.69,141.41,141.46,67290.0
2023-01-19 12:15:00,141.1,141.51,141.08,141.51,56827.0
2023-01-19 12:00:00,141.14,141.27,141.05,141.12,69223.0
2023-01-19 11:45:00,141.21,141.23,140.97,141.16,103277.0
2023-01-19 11:30:00,141.2672,141.52,141.21,141.215,106469.0
2023-01-19 11:15:00,140.74,141.32,140.72,141.285,82520.0
2023-01-19 11:00:00,140.99,141.0,140.59,140.775,88064.0
2023-01-19 10:45:00,140.99,141.06,140.85,141.005,73976.0
2023-01-19 10:30:00,140.79,141.27,140.7,141.0,112525.0
2023-01-19 10:15:00,141.04,141.31,140.64,140.8,145403.0
2023-01-19 10:00:00,141.46,141.75,140.95,141.06,162188.0
2023-01-19 09:45:00,140.0,141.6,139.75,141.44,337997.0
2023-01-19 09:30:00,140.8,140.8,140.8,140.8,120.0
2023-01-19 08:15:00,140.05,140.05,139.52,139.72,1794.0
2023-01-19 07:30:00,140.05,140.05,140.02,140.02,941.0
2023-01-19 07:15:00,140.14,140.14,140.14,140.14,501.0
2023-01-19 06:45:00,140.14,140.16,140.14,140.16,1364.0
2023-01-18 18:45:00,140.2,140.2,140.2,140.2,100.0
2023-01-18 18:30:00,140.41,140.41,140.2,140.24,1086.0
2023-01-18 18:15:00,140.41,140.41,140.41,140.41,200.0
2023-01-18 17:30:00,140.22,140.22,140.21,140.21,444.0
2023-01-18 17:00:00,140.21,140.31,140.13,140.13,2651.0
2023-01-18 16:15:00,140.41,140.41,140.1,140.1,84930.0
2023-01-18 16:00:00,140.42,140.58,140.225,140.36,819892.0
2023-01-18 15:45:00,141.06,141.12,140.38,140.415,261780.0
2023-01-18 15:30:00,141.26,141.5,141.07,141.08,155186.0
2023-01-18 15:15:00,141.24,141.31,141.095,141.255,132885.0
2023-01-18 15:00:00,141.4,141.4,141.2,141.25,96628.0
2023-01-18 14:45:00,141.65,141.74,141.4,141.42,113355.0
2023-01-18 14:30:00,141.39,141.74,141.3502,141.6616,96389.0
2023-01-18 14:15:00,141.245,141.5459,141.13,141.4,86763.0
2023-01-18 14:00:00,140.89,141.39,140.87,141.235,146670.0
2023-01-18 13:45:00,140.74,141.17,140.72,140.8901,130794.0
2023-01-18 13:30:00,140.91,140.91,140.5,140.73,126691.0
2023-01-18 13:15:00,140.83,140.97,140.68,140.92,211267.0
2023-01-18 13:00:00,140.715,140.89,140.6,140.82,108865.0
2023-01-18 12:45:00,140.65,140.98,140.555,140.7201,131500.0
2023-01-18 12:30:00,141.46,141.4602,140.58,140.635,176020.0
2023-01-18 12:15:00,141.46,141.49,141.2,141.46,148519.0
2023-01-18 12:00:00,141.84,141.94,141.37,141.46,174905.0
2023-01-18 11:45:00,142.14,143.99,141.82,141.86,217063.0
2023-01-18 11:30:00,142.915,142.915,142.15,142.15,192979.0
2023-01-18 11:15:00,143.55,143.73,142.88,142.9299,181871.0
2023-01-18 11:00:00,143.4734,143.64,143.225,143.58,178832.0
2023-01-18 10:45:00,143.11,143.56,142.965,143.475,161434.0
2023-01-18 10:30:00,143.37,143.47,142.945,143.13,151516.0
2023-01-18 10:15:00,143.29,143.56,142.96,143.38,320173.0
2023-01-18 10:00:00,143.64,143.805,143.18,143.29,299136.0
2023-01-18 09:45:00,144.4,144.678,143.52,143.625,689474.0
2023-01-18 09:30:00,143.81,144.58,143.37,144.38,15012.0
2023-01-18 09:15:00,143.02,143.88,143.0,143.56,19363.0
2023-01-18 09:00:00,142.88,143.35,142.88,143.0,6057.0
2023-01-18 08:45:00,142.99,143.12,142.55,142.72,19728.0
2023-01-18 08:30:00,142.22,142.99,142.22,142.99,6555.0
2023-01-18 08:15:00,142.5,142.57,142.16,142.3,4484.0
2023-01-18 08:00:00,142.5,142.57,142.5,142.57,1038.0
2023-01-18 07:45:00,142.5,142.5,142.5,142.5,1549.0
2023-01-18 07:30:00,142.48,142.48,142.48,142.48,331.0
2023-01-18 07:15:00,142.47,142.5,142.4,142.4,2681.0
2023-01-18 07:00:00,141.79,142.0,141.79,142.0,1146.0
2023-01-18 06:45:00,142.5,142.5,142.4,142.4,1282.0
2023-01-18 06:30:00,142.5,142.61,142.5,142.61,2748.0
2023-01-18 06:15:00,142.5,142.5,142.5,142.5,500.0
2023-01-18 05:30:00,142.51,142.51,142.5,142.5,926.0
2023-01-18 05:15:00,142.5,142.61,142.5,142.61,623.0
2023-01-18 05:00:00,142.64,142.64,142.51,142.51,1215.0
2023-01-18 04:45:00,142.51,142.6,142.51,142.6,405.0
2023-01-18 04:15:00,143.5,143.5,142.8,142.8,3297.0
2023-01-17 19:00:00,145.12,145.12,145.12,145.12,100.0
2023-01-17 18:15:00,145.1,145.1,145.1,145.1,104.0
2023-01-17 17:00:00,145.48,145.48,145.48,145.48,561.0
2023-01-17 16:45:00,145.7,145.7,145.7,145.7,100.0
2023-01-17 16:15:00,145.19,146.5,145.19,145.19,125412.0
2023-01-17 16:00:00,145.205,145.255,145.01,145.21,354320.0
2023-01-17 15:45:00,145.23,145.29,145.06,145.2,129701.0
2023-01-17 15:30:00,145.245,145.2999,145.16,145.24,74551.0
2023-01-17 15:15:00,145.48,145.55,145.25,145.255,62450.0
2023-01-17 15:00:00,145.565,145.58,145.435,145.46,52523.0
2023-01-17 14:45:00,145.34,145.605,145.34,145.5549,59806.0
2023-01-17 14:30:00,145.44,145.44,145.23,145.34,68794.0
2023-01-17 14:15:00,145.545,145.68,145.38,145.43,73227.0
2023-01-17 14:00:00,145.525,145.59,145.44,145.54,42577.0
2023-01-17 13:45:00,145.545,145.6,145.43,145.52,47914.0
2023-01-17 13:30:00,145.415,145.52,145.41,145.515,40850.0
2023-01-17 13:15:00,145.3,145.55,145.29,145.39,52902.0
2023-01-17 13:00:00,145.475,145.511,145.25,145.3,89964.0
2023-01-17 12:45:00,145.48,145.63,145.43,145.47,91482.0
2023-01-17 12:30:00,145.62,145.71,145.47,145.49,60074.0
2023-01-17 12:15:00,145.85,145.93,145.6,145.65,51316.0
2023-01-17 12:00:00,145.615,145.8615,145.58,145.83,95126.0
2023-01-17 11:45:00,145.66,145.8399,145.51,145.615,125512.0
2023-01-17 11:30:00,145.62,145.72,145.4375,145.67,89113.0
2023-01-17 11:15:00,146.1,146.75,145.53,145.6,69560.0
2023-01-17 11:00:00,146.35,146.4,146.0,146.075,60467.0
2023-01-17 10:45:00,146.58,146.78,146.205,146.349,70035.0
2023-01-17 10:30:00,146.9484,147.11,146.5,146.56,93218.0
2023-01-17 10:15:00,146.65,147.18,146.635,146.9729,95945.0
2023-01-17 10:00:00,146.8499,147.07,146.61,146.68,89577.0
2023-01-17 09:45:00,146.42,147.11,146.23,146.8828,276744.0
2023-01-17 09:30:00,146.6,146.6,146.45,146.45,697.0
2023-01-17 09:00:00,146.5,146.5,146.35,146.35,910.0
2023-01-17 08:45:00,146.84,146.85,146.45,146.47,3323.0
2023-01-17 08:30:00,146.28,146.43,146.28,146.43,1922.0
2023-01-17 08:15:00,146.32,146.32,146.03,146.03,356.0
2023-01-17 08:00:00,146.29,146.3,146.29,146.3,942.0
2023-01-17 07:45:00,146.29,146.31,146.29,146.31,1072.0
2023-01-17 07:30:00,146.14,146.15,146.14,146.15,594.0
2023-01-17 07:15:00,146.03,146.2,146.0,146.2,1259.0
2023-01-17 07:00:00,146.17,146.17,146.17,146.17,206.0
2023-01-17 06:30:00,146.17,146.17,146.17,146.17,1312.0
2023-01-13 16:30:00,145.6,145.6,145.6,145.6,223.0
2023-01-13 16:15:00,145.89,145.89,145.89,145.89,69684.0
2023-01-13 16:00:00,145.97,145.99,145.705,145.87,368643.0
2023-01-13 15:45:00,145.935,146.1,145.882,145.975,148557.0
2023-01-13 15:30:00,145.79,145.9668,145.77,145.92,66335.0
2023-01-13 15:15:00,145.74,145.89,145.71,145.8,52315.0
2023-01-13 15:00:00,145.71,145.78,145.58,145.74,45282.0
2023-01-13 14:45:00,145.785,145.85,145.62,145.71,56591.0
2023-01-13 14:30:00,145.88,145.92,145.75,145.77,44068.0
2023-01-13 14:15:00,145.81,145.909,145.78,145.87,50071.0
2023-01-13 14:00:00,145.77,145.94,145.75,145.8,37170.0
2023-01-13 13:45:00,145.55,145.807,145.51,145.78,50104.0
2023-01-13 13:30:00,145.55,145.56,145.47,145.56,30754.0
2023-01-13 13:15:00,145.5499,145.5902,145.4606,145.56,36583.0
2023-01-13 13:00:00,145.51,145.63,145.405,145.5431,34421.0
2023-01-13 12:45:00,145.5,145.51,145.345,145.475,47364.0
2023-01-13 12:30:00,145.605,145.6859,145.42,145.5,35666.0
2023-01-13 12:15:00,145.32,145.625,145.25,145.61,77389.0
2023-01-13 12:00:00,145.31,145.345,145.17,145.34,50877.0
2023-01-13 11:45:00,145.37,145.4013,145.12,145.3204,40490.0
2023-01-13 11:30:00,145.08,145.45,145.07,145.38,51034.0
2023-01-13 11:15:00,145.08,145.14,144.94,145.06,103447.0
2023-01-13 11:00:00,144.87,145.19,144.86,145.08,58490.0
2023-01-13 10:45:00,145.12,145.31,144.9,144.9,62394.0
2023-01-13 10:30:00,145.06,145.3,144.97,145.12,73267.0
2023-01-13 10:15:00,144.83,145.17,144.78,145.0301,79797.0
2023-01-13 10:00:00,144.13,144.94,144.11,144.85,78053.0
2023-01-13 09:45:00,144.06,144.755,144.01,144.1335,237279.0
2023-01-13 09:30:00,144.55,144.55,144.01,144.03,2647.0
2023-01-13 09:15:00,144.78,144.78,144.7,144.71,2140.0
2023-01-13 08:45:00,144.5,144.5,144.5,144.5,400.0
2023-01-13 08:00:00,144.5,144.5,144.5,144.5,200.0
2023-01-13 07:15:00,145.17,145.17,144.99,144.99,1686.0
2023-01-12 17:45:00,145.79,145.79,145.55,145.55,855.0
2023-01-12 16:30:00,145.5001,145.5001,145.5,145.5001,604.0
2023-01-12 16:15:00,145.55,145.55,145.5,145.55,66638.0
2023-01-12 16:00:00,145.48,145.67,145.31,145.55,345804.0
2023-01-12 15:45:00,145.47,145.595,145.43,145.49,93940.0
2023-01-12 15:30:00,145.48,145.62,145.4,145.46,74425.0
2023-01-12 15:15:00,145.88,146.0,145.425,145.48,70960.0
2023-01-12 15:00:00,146.0,146.12,145.75,145.8818,61779.0
2023-01-12 14:45:00,145.93,146.14,145.89,146.0,48008.0
2023-01-12 14:30:00,146.38,146.38,145.95,145.98,76690.0
2023-01-12 14:15:00,146.62,146.66,146.375,146.42,57201.0
2023-01-12 14:00:00,146.3,146.63,146.2697,146.5816,63626.0
2023-01-12 13:45:00,146.08,146.43,145.92,146.3,85499.0
2023-01-12 13:30:00,146.58,146.62,145.97,146.08,91045.0
2023-01-12 13:15:00,146.46,146.59,146.37,146.5663,54734.0
2023-01-12 13:00:00,146.35,146.58,146.35,146.46,78126.0
2023-01-12 12:45:00,146.38,146.47,146.32,146.34,59062.0
2023-01-12 12:30:00,146.08,146.38,146.06,146.35,61729.0
2023-01-12 12:15:00,145.945,146.13,145.8575,146.08,48674.0
2023-01-12 12:00:00,146.0,146.13,145.82,145.96,76242.0
2023-01-12 11:45:00,145.96,146.08,145.65,145.995,73870.0
2023-01-12 11:30:00,145.81,146.1278,145.79,145.97,78698.0
2023-01-12 11:15:00,145.76,145.9,145.3955,145.87,105394.0
2023-01-12 11:00:00,145.77,146.01,145.57,145.76,80747.0
2023-01-12 10:45:00,145.76,146.27,145.69,145.755,92032.0
2023-01-12 10:30:00,145.84,146.04,145.75,145.755,83507.0
2023-01-12 10:15:00,145.27,146.12,145.245,145.93,108787.0
2023-01-12 10:00:00,145.05,145.39,144.755,145.35,91229.0
2023-01-12 09:45:00,144.88,145.11,144.52,145.04,164546.0
2023-01-12 09:30:00,144.95,144.95,144.57,144.57,1133.0
2023-01-12 09:15:00,145.52,145.52,145.4,145.4,2286.0
2023-01-12 09:00:00,145.04,145.5,145.04,145.31,1060.0
2023-01-12 08:45:00,143.21,145.04,143.2,145.04,9368.0
2023-01-12 08:30:00,145.26,145.5,145.26,145.5,1065.0
2023-01-11 16:45:00,145.6167,145.6167,145.6167,145.6167,100.0
2023-01-11 16:30:00,145.26,145.26,145.26,145.26,2413.0
2023-01-11 16:15:00,145.26,145.26,145.2,145.26,299654.0
2023-01-11 16:00:00,144.665,145.34,144.59,145.22,399985.0
2023-01-11 15:45:00,144.72,144.72,144.5401,144.665,130900.0
2023-01-11 15:30:00,144.82,144.91,144.68,144.71,107868.0
2023-01-11 15:15:00,144.74,144.97,144.73,144.8,60328.0
2023-01-11 15:00:00,144.91,144.97,144.645,144.73,87546.0
2023-01-11 14:45:00,144.64,145.0,144.6,144.89,66476.0
2023-01-11 14:30:00,144.81,144.87,144.6,144.62,69496.0
2023-01-11 14:15:00,144.9962,145.03,144.64,144.82,57651.0
2023-01-11 14:00:00,145.07,145.16,144.8436,144.99,59486.0
2023-01-11 13:45:00,145.4,145.44,145.09,145.1,71210.0
2023-01-11 13:30:00,145.13,145.44,144.96,145.4,67452.0
2023-01-11 13:15:00,144.845,145.2,144.8,145.15,85073.0
2023-01-11 13:00:00,144.72,144.89,144.65,144.84,43873.0
2023-01-11 12:45:00,144.9362,144.95,144.5855,144.72,56781.0
2023-01-11 12:30:00,144.73,144.94,144.665,144.9234,47680.0
2023-01-11 12:15:00,144.47,144.78,144.47,144.74,41621.0
2023-01-11 12:00:00,144.39,144.61,144.31,144.47,69881.0
2023-01-11 11:45:00,144.2,144.48,144.2,144.4373,41540.0
2023-01-11 11:30:00,144.01,144.19,143.9401,144.17,49314.0
2023-01-11 11:15:00,143.68,144.0,143.66,144.0,48101.0
2023-01-11 11:00:00,143.56,143.83,143.45,143.6731,89238.0
2023-01-11 10:45:00,143.87,143.9,143.52,143.59,90534.0
2023-01-11 10:30:00,144.2,145.0,143.77,143.87,203944.0
2023-01-11 10:15:00,144.27,144.52,144.1508,144.17,90249.0
2023-01-11 10:00:00,144.74,144.755,144.19,144.25,115307.0
2023-01-11 09:45:00,145.0,145.53,144.6939,144.72,212683.0
2023-01-11 09:15:00,145.29,145.4,145.29,145.4,1763.0
2023-01-11 08:45:00,145.3,145.3,145.3,145.3,200.0
2023-01-10 17:00:00,144.84,144.84,144.84,144.84,170.0
2023-01-10 16:15:00,144.8,144.8,144.8,144.8,71194.0
2023-01-10 16:00:00,144.21,144.85,144.19,144.8,353228.0
2023-01-10 15:45:00,144.11,144.255,144.02,144.2104,68052.0
2023-01-10 15:30:00,144.05,144.21,144.03,144.11,49864.0
2023-01-10 15:15:00,144.075,144.09,143.81,144.05,48258.0
2023-01-10 15:00:00,144.09,144.12,143.98,144.04,45531.0
2023-01-10 14:45:00,144.2344,144.24,144.08,144.11,43878.0
2023-01-10 14:30:00,144.33,144.33,144.1447,144.23,38491.0
2023-01-10 14:15:00,144.19,144.3925,144.13,144.32,37775.0
2023-01-10 14:00:00,144.09,144.22,143.99,144.19,35393.0
2023-01-10 13:45:00,144.11,144.34,144.07,144.075,44887.0
2023-01-10 13:30:00,144.16,144.2,144.05,144.13,27847.0
2023-01-10 13:15:00,144.07,144.28,144.0201,144.15,31956.0
2023-01-10 13:00:00,143.89,144.1,143.83,144.06,36779.0
2023-01-10 12:45:00,143.525,143.95,143.515,143.89,37313.0
2023-01-10 12:30:00,143.54,143.62,143.4,143.55,47270.0
2023-01-10 12:15:00,143.44,143.61,143.1528,143.54,37346.0
2023-01-10 12:00:00,143.31,143.58,143.215,143.43,50090.0
2023-01-10 11:45:00,143.45,143.4959,143.22,143.3391,48457.0
2023-01-10 11:30:00,143.65,143.7199,143.37,143.4,48713.0
2023-01-10 11:15:00,143.63,143.76,143.55,143.63,69671.0
2023-01-10 11:00:00,142.955,143.6599,142.9,143.58,66041.0
2023-01-10 10:45:00,143.31,143.31,142.95,143.0,71735.0
2023-01-10 10:30:00,144.06,144.2327,143.26,143.335,75360.0
2023-01-10 10:15:00,144.19,144.23,143.61,144.01,70629.0
2023-01-10 10:00:00,143.78,144.36,143.74,144.16,84446.0
2023-01-10 09:45:00,143.61,143.94,143.25,143.8648,200419.0
2023-01-10 09:30:00,143.6,143.91,143.6,143.91,920.0
2023-01-10 08:45:00,143.0,143.0,143.0,143.0,251.0
2023-01-09 17:30:00,143.26,143.26,143.26,143.26,448.0
2023-01-09 17:15:00,143.15,143.15,143.15,143.15,200.0
2023-01-09 17:00:00,143.6,143.6,143.6,143.6,101.0
2023-01-09 16:45:00,143.5999,143.5999,143.5999,143.5999,173.0
2023-01-09 16:30:00,143.6,143.6,143.5,143.5,341.0
2023-01-09 16:15:00,143.55,144.09,143.55,143.55,226465.0
2023-01-09 16:00:00,143.97,144.01,143.52,143.56,424703.0
2023-01-09 15:45:00,143.76,143.97,143.64,143.97,109818.0
2023-01-09 15:30:00,143.62,143.98,143.59,143.755,92563.0
2023-01-09 15:15:00,143.69,143.865,143.62,143.62,75277.0
2023-01-09 15:00:00,143.98,144.07,143.65,143.7,65464.0
2023-01-09 14:45:00,143.88,144.12,143.87,143.99,123892.0
2023-01-09 14:30:00,143.9,144.04,143.77,143.9,82672.0
2023-01-09 14:15:00,144.24,144.36,143.91,143.91,77282.0
2023-01-09 14:00:00,144.12,144.35,144.09,144.23,61548.0
2023-01-09 13:45:00,144.87,144.89,144.12,144.1659,84747.0
2023-01-09 13:30:00,145.15,145.15,144.78,144.87,54304.0
2023-01-09 13:15:00,145.03,145.17,144.88,145.12,99902.0
2023-01-09 13:00:00,144.87,145.1599,144.85,145.0367,99710.0
2023-01-09 12:45:00,145.1375,145.14,144.66,144.8545,50924.0
2023-01-09 12:30:00,145.34,145.355,145.07,145.15,85210.0
2023-01-09 12:15:00,145.385,145.4,145.28,145.33,89313.0
2023-01-09 12:00:00,145.14,145.47,145.14,145.41,144012.0
2023-01-09 11:45:00,145.03,145.12,144.82,145.12,126640.0
2023-01-09 11:30:00,145.27,145.45,145.03,145.04,114907.0
2023-01-09 11:15:00,144.91,145.36,144.89,145.24,103396.0
2023-01-09 11:00:00,144.895,145.11,144.88,144.9,99460.0
2023-01-09 10:45:00,144.5,145.06,144.44,144.9,137973.0
2023-01-09 10:30:00,144.15,144.615,144.15,144.5,146141.0
2023-01-09 10:15:00,144.04,144.54,143.91,144.135,148387.0
2023-01-09 10:00:00,144.02,144.35,143.9794,144.02,167676.0
2023-01-09 09:45:00,144.08,144.08,143.4,144.01,253995.0
2023-01-09 09:15:00,144.0,144.0,144.0,144.0,576.0
2023-01-09 09:00:00,144.24,144.28,144.24,144.28,743.0
2023-01-09 08:45:00,144.0,144.0,144.0,144.0,410.0
2023-01-09 08:15:00,144.3,144.3,143.92,144.05,1556.0
2023-01-09 07:15:00,144.25,144.25,144.25,144.25,357.0
2023-01-06 19:00:00,143.7,143.7,143.7,143.7,150.0
2023-01-06 17:00:00,143.65,143.65,143.65,143.65,47517.0
2023-01-06 16:30:00,143.74,143.74,143.74,143.74,150.0
2023-01-06 16:15:00,143.7,143.75,143.7,143.7,207879.0
2023-01-06 16:00:00,143.9,144.04,143.5,143.7,500809.0
2023-01-06 15:45:00,143.88,144.06,143.72,143.9,186876.0
2023-01-06 15:30:00,144.075,144.12,143.86,143.89,146092.0
2023-01-06 15:15:00,144.02,144.25,144.0,144.08,118351.0
2023-01-06 15:00:00,144.03,144.11,143.9,144.01,80116.0
2023-01-06 14:45:00,143.85,144.11,143.85,144.05,77199.0
2023-01-06 14:30:00,143.89,144.03,143.805,143.85,64849.0
2023-01-06 14:15:00,143.52,143.95,143.52,143.8807,55443.0
2023-01-06 14:00:00,143.41,143.58,143.375,143.505,61272.0
2023-01-06 13:45:00,143.57,143.63,143.43,143.455,50550.0
2023-01-06 13:30:00,143.55,143.56,143.36,143.53,35689.0
2023-01-06 13:15:00,143.36,143.54,143.3,143.52,44600.0
2023-01-06 13:00:00,143.3385,143.44,143.22,143.33,47999.0
2023-01-06 12:45:00,143.3401,143.44,143.18,143.37,52543.0
2023-01-06 12:30:00,143.57,143.685,143.295,143.345,43933.0
2023-01-06 12:15:00,143.74,143.77,143.54,143.55,54392.0
2023-01-06 12:00:00,143.67,143.96,143.62,143.72,62781.0
2023-01-06 11:45:00,143.54,143.77,143.44,143.6616,63489.0
2023-01-06 11:30:00,143.53,143.74,143.49,143.51,69455.0
2023-01-06 11:15:00,143.44,143.64,143.38,143.515,62538.0
2023-01-06 11:00:00,143.14,143.44,143.1062,143.39,71858.0
2023-01-06 10:45:00,142.51,143.3,142.51,143.13,83851.0
2023-01-06 10:30:00,142.6,142.82,142.32,142.45,151022.0
2023-01-06 10:15:00,142.0,142.83,141.97,142.5409,109588.0
2023-01-06 10:00:00,141.68,142.24,141.58,141.94,83377.0
2023-01-06 09:45:00,142.38,142.95,141.6,141.66,182719.0
2023-01-06 09:30:00,142.15,142.27,141.86,142.27,2448.0
2023-01-06 09:15:00,142.29,142.36,142.29,142.36,614.0
2023-01-06 09:00:00,142.3,142.36,142.1,142.29,2448.0
2023-01-06 08:45:00,141.68,142.0,141.68,142.0,1401.0
2023-01-05 19:45:00,141.4,141.4,141.4,141.4,278.0
2023-01-05 17:30:00,141.41,141.41,141.41,141.41,350.0
2023-01-05 16:15:00,141.11,141.11,141.11,141.11,62181.0
2023-01-05 16:00:00,141.26,141.35,141.015,141.11,399910.0
2023-01-05 15:45:00,141.1,141.34,140.99,141.23,152314.0
2023-01-05 15:30:00,141.32,141.35,141.02,141.11,76362.0
2023-01-05 15:15:00,141.54,141.555,141.24,141.32,47866.0
2023-01-05 15:00:00,141.66,141.85,141.55,141.58,56306.0
2023-01-05 14:45:00,141.39,141.83,141.37,141.675,58735.0
2023-01-05 14:30:00,141.42,141.64,141.34,141.38,55371.0
2023-01-05 14:15:00,141.505,141.7166,141.39,141.4,44980.0
2023-01-05 14:00:00,141.47,141.63,141.409,141.48,52538.0
2023-01-05 13:45:00,141.45,141.6686,141.38,141.46,39769.0
2023-01-05 13:30:00,140.89,141.64,140.83,141.4,60480.0
2023-01-05 13:15:00,141.09,141.14,140.88,140.88,31101.0
2023-01-05 13:00:00,141.24,141.325,141.12,141.12,37384.0
2023-01-05 12:45:00,140.875,141.34,140.875,141.2231,83214.0
2023-01-05 12:30:00,141.16,141.32,140.87,140.9,43280.0
2023-01-05 12:15:00,140.985,141.35,140.98,141.14,55411.0
2023-01-05 12:00:00,140.77,141.14,140.77,140.9914,120282.0
2023-01-05 11:45:00,140.36,140.79,140.24,140.75,80803.0
2023-01-05 11:30:00,140.58,140.61,140.16,140.34,58287.0
2023-01-05 11:15:00,140.56,140.68,140.47,140.57,57744.0
2023-01-05 11:00:00,140.8308,140.9,140.49,140.565,62659.0
2023-01-05 10:45:00,140.41,140.8188,140.26,140.8,72550.0
2023-01-05 10:30:00,140.76,140.82,140.01,140.38,80220.0
2023-01-05 10:15:00,140.9,141.0,140.39,140.775,134688.0
2023-01-05 10:00:00,141.33,141.33,140.58,140.93,164219.0
2023-01-05 09:45:00,142.44,142.498,141.32,141.33,171612.0
2023-01-05 09:30:00,142.15,142.45,142.15,142.45,813.0
2023-01-05 08:45:00,142.3,142.3,142.3,142.3,205.0
2023-01-05 08:15:00,142.4,142.4,142.4,142.4,108.0
2023-01-04 17:15:00,142.58,142.58,142.58,142.58,673.0
2023-01-04 16:45:00,142.13,142.13,142.13,142.13,184.0
2023-01-04 16:15:00,142.6,142.6,142.39,142.6,117148.0
2023-01-04 16:00:00,141.72,142.68,141.69,142.57,462058.0
2023-01-04 15:45:00,142.08,142.15,141.69,141.73,150059.0
2023-01-04 15:30:00,142.28,142.39,141.95,142.08,94621.0
2023-01-04 15:15:00,142.21,142.46,142.14,142.26,107901.0
2023-01-04 15:00:00,141.87,142.21,141.75,142.21,57444.0
2023-01-04 14:45:00,141.6,142.02,141.55,141.87,84446.0
2023-01-04 14:30:00,142.31,142.64,141.62,141.65,119420.0
2023-01-04 14:15:00,143.0,143.41,142.1,142.295,199295.0
2023-01-04 14:00:00,143.3,143.3,142.89,143.02,86950.0
2023-01-04 13:45:00,143.22,143.395,143.12,143.3,80498.0
2023-01-04 13:30:00,143.37,143.4375,143.15,143.21,80636.0
2023-01-04 13:15:00,143.25,143.4199,142.94,143.38,85318.0
2023-01-04 13:00:00,143.5,143.5,143.23,143.26,64030.0
2023-01-04 12:45:00,143.44,143.615,143.44,143.49,56514.0
2023-01-04 12:30:00,143.3226,143.555,143.311,143.42,89630.0
2023-01-04 12:15:00,143.145,143.43,143.09,143.3246,140445.0
2023-01-04 12:00:00,142.96,143.17,142.88,143.13,97652.0
2023-01-04 11:45:00,142.35,142.98,142.35,142.98,93281.0
2023-01-04 11:30:00,142.42,142.44,142.15,142.32,146018.0
2023-01-04 11:15:00,142.38,142.435,142.235,142.4,130557.0
2023-01-04 11:00:00,141.995,142.39,141.98,142.38,96002.0
2023-01-04 10:45:00,141.76,142.02,141.39,141.99,155568.0
2023-01-04 10:30:00,141.6801,141.8,141.39,141.78,57856.0
2023-01-04 10:15:00,142.3,142.48,141.3675,141.72,89226.0
2023-01-04 10:00:00,141.96,142.32,141.945,142.31,146762.0
2023-01-04 09:45:00,142.07,142.38,141.87,141.97,249781.0
2023-01-04 09:00:00,141.9,141.9,141.9,141.9,200.0
2023-01-04 08:45:00,142.0,142.0,141.95,141.95,388.0
2023-01-04 08:15:00,141.65,141.72,141.65,141.72,386.0
2023-01-04 08:00:00,141.9,141.9,141.88,141.88,1978.0
2023-01-04 07:30:00,141.88,141.88,141.88,141.88,111.0
2023-01-04 05:30:00,141.92,141.92,141.92,141.92,128.0
2023-01-03 19:15:00,141.61,141.61,141.61,141.61,119.0
2023-01-03 16:15:00,141.55,141.55,141.55,141.55,194111.0
2023-01-03 16:00:00,141.31,141.62,141.25,141.52,367831.0
2023-01-03 15:45:00,141.23,141.46,141.19,141.34,166511.0
2023-01-03 15:30:00,141.43,141.66,141.18,141.23,95480.0
2023-01-03 15:15:00,141.15,141.44,141.14,141.42,78969.0
2023-01-03 15:00:00,140.955,141.33,140.955,141.17,66553.0
2023-01-03 14:45:00,140.81,140.96,140.48,140.94,74699.0
2023-01-03 14:30:00,140.92,140.99,140.7,140.82,70808.0
2023-01-03 14:15:00,141.12,141.2,140.87,140.91,53705.0
2023-01-03 14:00:00,141.05,141.21,140.88,141.11,66589.0
2023-01-03 13:45:00,141.13,141.2,140.99,141.065,69466.0
2023-01-03 13:30:00,140.89,141.1999,140.78,141.15,72103.0
2023-01-03 13:15:00,140.99,141.085,140.89,140.89,47564.0
2023-01-03 13:00:00,140.88,141.06,140.66,141.01,59712.0
2023-01-03 12:45:00,140.9304,141.22,140.8638,140.93,54892.0
2023-01-03 12:30:00,141.155,141.155,140.71,140.93,73996.0
2023-01-03 12:15:00,140.64,141.17,140.64,141.17,141429.0
2023-01-03 12:00:00,140.73,140.815,140.5,140.64,77296.0
2023-01-03 11:45:00,140.88,140.89,140.57,140.75,101602.0
2023-01-03 11:30:00,140.81,141.01,140.77,140.895,99903.0
2023-01-03 11:15:00,141.47,141.68,140.81,140.83,83834.0
2023-01-03 11:00:00,141.52,141.57,141.17,141.46,78881.0
2023-01-03 10:45:00,141.15,141.555,140.98,141.48,81264.0
2023-01-03 10:30:00,141.18,141.23,140.75,141.17,91597.0
2023-01-03 10:15:00,141.06,141.5,141.055,141.19,81629.0
2023-01-03 10:00:00,141.54,141.56,140.93,141.03,152826.0
2023-01-03 09:45:00,141.1,141.9,140.63,141.52,262418.0
2023-01-03 09:15:00,141.26,141.26,140.89,141.1,4470.0
2023-01-03 09:00:00,141.26,141.26,141.26,141.26,100.0
2023-01-03 08:15:00,141.25,141.25,141.25,141.25,518.0
2023-01-03 08:00:00,141.25,141.25,141.25,141.25,268.0
2023-01-03 05:30:00,141.75,141.75,141.75,141.75,200.0
2023-01-03 05:00:00,141.53,141.68,141.53,141.68,340.0
2022-12-30 18:00:00,141.4999,141.4999,141.4999,141.4999,300.0
2022-12-30 17:00:00,140.89,140.89,140.89,140.89,300.0
2022-12-30 16:45:00,140.9,140.9,140.89,140.89,1764.0
2022-12-30 16:15:00,140.89,141.2,140.89,140.89,140004.0
2022-12-30 16:00:00,140.395,140.9,140.395,140.89,408546.0
2022-12-30 15:45:00,139.935,140.465,139.92,140.42,109205.0
2022-12-30 15:30:00,139.94,140.13,139.87,139.94,87096.0
2022-12-30 15:15:00,139.47,139.97,139.46,139.93,92221.0
2022-12-30 15:00:00,139.68,139.72,139.45,139.46,94069.0
2022-12-30 14:45:00,139.82,139.9,139.675,139.69,54255.0
2022-12-30 14:30:00,139.83,139.8616,139.7,139.83,48222.0
2022-12-30 14:15:00,139.93,140.0,139.79,139.85,52473.0
2022-12-30 14:00:00,139.9261,139.965,139.85,139.92,48655.0
2022-12-30 13:45:00,139.84,140.06,139.81,139.93,66610.0
2022-12-30 13:30:00,140.26,140.26,139.525,139.84,97003.0
2022-12-30 13:15:00,140.35,140.405,140.23,140.275,43344.0
2022-12-30 13:00:00,140.48,140.495,140.2,140.32,45766.0
2022-12-30 12:45:00,140.47,140.54,140.39,140.44,42488.0
2022-12-30 12:30:00,140.37,140.515,140.37,140.45,36728.0
2022-12-30 12:15:00,140.44,140.55,140.32,140.35,86398.0
2022-12-30 12:00:00,140.31,140.475,140.205,140.43,62579.0
2022-12-30 11:45:00,140.1,140.505,140.07,140.3,64762.0
2022-12-30 11:30:00,140.19,140.2,139.98,140.09,78412.0
2022-12-30 11:15:00,140.28,140.3,140.09,140.175,51806.0
2022-12-30 11:00:00,140.4723,140.68,140.26,140.285,50241.0
2022-12-30 10:45:00,140.64,140.68,140.47,140.47,59213.0
2022-12-30 10:30:00,140.485,140.75,140.37,140.63,68337.0
2022-12-30 10:15:00,140.4,140.53,140.22,140.47,105260.0
2022-12-30 10:00:00,140.675,140.715,140.23,140.43,74853.0
2022-12-30 09:45:00,140.54,140.8299,140.0771,140.71,109593.0
2022-12-30 09:30:00,140.55,140.75,140.55,140.75,1504.0
2022-12-30 08:30:00,140.74,140.74,140.67,140.68,1118.0
2022-12-30 08:15:00,140.74,140.78,140.74,140.78,639.0
2022-12-29 19:15:00,141.0,141.0,141.0,141.0,400.0
2022-12-29 19:00:00,141.0,141.0,141.0,141.0,500.0
2022-12-29 18:00:00,141.02,141.05,141.02,141.05,700.0
2022-12-29 17:15:00,141.05,141.06,141.05,141.06,987.0
2022-12-29 17:00:00,141.2,141.24,141.06,141.06,1202.0
2022-12-29 16:30:00,141.06,141.06,141.06,141.06,11345.0
2022-12-29 16:15:00,141.06,141.06,141.06,141.06,44858.0
2022-12-29 16:00:00,141.14,141.3152,140.9,141.03,421730.0
2022-12-29 15:45:00,141.11,141.1612,140.98,141.151,87470.0
2022-12-29 15:30:00,141.07,141.18,141.0,141.1,82147.0
2022-12-29 15:15:00,141.29,141.42,141.1,141.1,56021.0
2022-12-29 15:00:00,141.47,141.48,141.25,141.3084,53824.0
2022-12-29 14:45:00,141.28,141.52,141.26,141.48,37716.0
2022-12-29 14:30:00,141.35,141.47,141.25,141.275,46903.0
2022-12-29 14:15:00,141.47,141.63,141.345,141.36,48534.0
2022-12-29 14:00:00,141.45,141.46,141.31,141.45,47439.0
2022-12-29 13:45:00,141.41,141.478,141.29,141.44,56679.0
2022-12-29 13:30:00,141.27,141.455,141.19,141.44,41037.0
2022-12-29 13:15:00,141.54,141.54,141.225,141.2866,41346.0
2022-12-29 13:00:00,141.4,141.5827,141.325,141.55,62891.0
2022-12-29 12:45:00,141.52,141.52,141.28,141.37,56090.0
2022-12-29 12:30:00,141.59,141.66,141.49,141.51,40345.0
2022-12-29 12:15:00,141.77,141.83,141.52,141.61,53549.0
2022-12-29 12:00:00,141.475,141.8,141.46,141.76,57797.0
2022-12-29 11:45:00,141.34,141.55,141.34,141.46,55151.0
2022-12-29 11:30:00,141.24,141.441,141.215,141.335,57985.0
2022-12-29 11:15:00,141.68,141.71,141.17,141.25,60094.0
2022-12-29 11:00:00,141.5802,141.78,141.51,141.67,61307.0
2022-12-29 10:45:00,141.9198,142.01,141.61,141.62,70918.0
2022-12-29 10:30:00,141.85,142.26,141.82,141.9038,89567.0
2022-12-29 10:15:00,142.06,142.09,141.81,141.9,54176.0
2022-12-29 10:00:00,141.72,142.05,141.58,142.05,67149.0
2022-12-29 09:45:00,140.58,141.86,140.45,141.6809,111718.0
2022-12-29 09:15:00,140.53,140.53,140.53,140.53,329.0
2022-12-29 09:00:00,140.5,140.5,140.5,140.5,1603.0
2022-12-29 08:15:00,140.02,140.02,140.02,140.02,107.0
2022-12-28 18:15:00,140.3,140.3,140.3,140.3,100.0
2022-12-28 18:00:00,140.1,140.1,140.1,140.1,100.0
2022-12-28 17:30:00,140.02,140.02,140.02,140.02,11345.0
2022-12-28 17:15:00,140.28,140.3,140.01,140.01,1297.0
2022-12-28 17:00:00,140.02,140.02,140.01,140.01,11459.0
2022-12-28 16:30:00,139.49,139.49,139.49,139.49,118.0
2022-12-28 16:15:00,140.02,140.02,140.02,140.02,138541.0
2022-12-28 16:00:00,139.99,140.265,139.95,140.0,338956.0
2022-12-28 15:45:00,140.24,141.9697,139.99,140.0041,140073.0
2022-12-28 15:30:00,140.23,140.43,140.2,140.241,64080.0
2022-12-28 15:15:00,140.56,140.6,140.24,140.24,62850.0
2022-12-28 15:00:00,140.77,140.81,140.4973,140.565,79926.0
2022-12-28 14:45:00,140.49,140.765,140.435,140.765,58420.0
2022-12-28 14:30:00,140.5,140.585,140.37,140.49,59046.0
2022-12-28 14:15:00,140.69,140.77,140.44,140.54,55654.0
2022-12-28 14:00:00,140.87,140.95,140.68,140.7,37901.0
2022-12-28 13:45:00,141.0215,141.0341,140.8,140.85,34202.0
2022-12-28 13:30:00,141.025,141.12,140.9,141.032,40103.0
2022-12-28 13:15:00,140.9206,141.25,140.9206,141.03,42306.0
2022-12-28 13:00:00,140.765,141.07,140.755,140.96,48688.0
2022-12-28 12:45:00,140.72,140.91,140.69,140.78,47224.0
2022-12-28 12:30:00,140.68,140.73,140.55,140.7212,56946.0
2022-12-28 12:15:00,140.94,141.0,140.67,140.68,61881.0
2022-12-28 12:00:00,141.27,141.27,140.9,140.97,59109.0
2022-12-28 11:45:00,141.495,141.495,141.015,141.285,64892.0
2022-12-28 11:30:00,141.44,141.57,141.299,141.47,65520.0
2022-12-28 11:15:00,141.61,141.71,141.34,141.41,77247.0
2022-12-28 11:00:00,141.94,142.1,141.61,141.625,50152.0
2022-12-28 10:45:00,141.94,142.15,141.82,141.971,90572.0
2022-12-28 10:30:00,142.4,142.485,141.89,141.93,85623.0
2022-12-28 10:15:00,142.26,142.52,142.22,142.412,83101.0
2022-12-28 10:00:00,142.45,142.65,142.06,142.26,62967.0
2022-12-28 09:45:00,142.4,142.81,142.29,142.45,110122.0
2022-12-28 09:30:00,142.43,142.43,142.43,142.43,129.0
2022-12-28 08:30:00,142.4394,142.4394,142.4394,142.4394,200.0
2022-12-28 08:15:00,141.87,141.87,141.87,141.87,423.0
2022-12-27 17:30:00,142.66,142.68,142.66,142.68,647.0
2022-12-27 17:00:00,142.34,142.34,142.34,142.34,164.0
2022-12-27 16:30:00,142.25,142.25,142.25,142.25,101.0
2022-12-27 16:15:00,142.42,142.42,142.42,142.42,136862.0
2022-12-27 16:00:00,142.37,142.47,142.16,142.42,270691.0
2022-12-27 15:45:00,142.44,142.53,142.375,142.375,85087.0
2022-12-27 15:30:00,142.355,142.425,142.29,142.42,54406.0
2022-12-27 15:15:00,142.25,142.37,142.0959,142.34,78486.0
2022-12-27 15:00:00,142.1,142.28,142.08,142.22,47901.0
2022-12-27 14:45:00,142.0799,142.15,141.9822,142.09,54603.0
2022-12-27 14:30:00,142.4,142.4,142.045,142.09,50993.0
2022-12-27 14:15:00,142.49,142.62,142.39,142.42,37033.0
2022-12-27 14:00:00,142.625,142.71,142.475,142.53,79105.0
2022-12-27 13:45:00,142.475,142.645,142.3219,142.62,56309.0
2022-12-27 13:30:00,142.53,142.63,142.445,142.5,202801.0
2022-12-27 13:15:00,142.4,142.59,142.34,142.52,43112.0
2022-12-27 13:00:00,142.21,142.395,142.0493,142.395,41939.0
2022-12-27 12:45:00,142.18,142.31,142.15,142.2209,34419.0
2022-12-27 12:30:00,142.51,142.54,142.18,142.2,44516.0
2022-12-27 12:15:00,142.48,142.5797,142.315,142.51,44362.0
2022-12-27 12:00:00,142.66,142.72,142.43,142.465,66983.0
2022-12-27 11:45:00,142.31,142.65,142.265,142.65,57485.0
2022-12-27 11:30:00,142.24,142.38,141.99,142.35,54769.0
2022-12-27 11:15:00,141.97,142.31,141.965,142.24,50621.0
2022-12-27 11:00:00,142.0601,142.225,141.95,141.99,54551.0
2022-12-27 10:45:00,142.26,142.2926,141.965,142.07,45182.0
2022-12-27 10:30:00,141.9599,142.47,141.823,142.23,77642.0
2022-12-27 10:15:00,141.46,141.9477,141.23,141.9477,69944.0
2022-12-27 10:00:00,141.85,141.85,141.38,141.52,86203.0
2022-12-27 09:45:00,141.73,141.96,141.39,141.88,104534.0
2022-12-27 09:00:00,141.74,141.74,141.74,141.74,200.0
2022-12-27 08:30:00,142.24,142.24,142.24,142.24,100.0
2022-12-23 16:30:00,141.65,141.65,141.65,141.65,6326.0
2022-12-23 16:15:00,141.65,141.65,141.65,141.65,66051.0
2022-12-23 16:00:00,141.47,141.67,141.39,141.66,266969.0
2022-12-23 15:45:00,141.51,141.56,141.285,141.48,88346.0
2022-12-23 15:30:00,141.59,141.76,141.46,141.5,58238.0
2022-12-23 15:15:00,141.65,141.8565,141.5104,141.58,67018.0
2022-12-23 15:00:00,141.53,141.66,141.39,141.655,53039.0
2022-12-23 14:45:00,141.33,141.57,141.33,141.54,54536.0
2022-12-23 14:30:00,141.23,141.38,141.18,141.35,39452.0
2022-12-23 14:15:00,141.1,141.247,141.01,141.22,33058.0
2022-12-23 14:00:00,141.13,141.19,140.91,141.13,41082.0
2022-12-23 13:45:00,141.245,141.3,141.14,141.14,25657.0
2022-12-23 13:30:00,140.95,141.22,140.94,141.2,33582.0
2022-12-23 13:15:00,140.89,141.1395,140.89,140.94,31016.0
2022-12-23 13:00:00,140.82,140.91,140.722,140.87,35287.0
2022-12-23 12:45:00,140.9207,141.06,140.75,140.83,33694.0
2022-12-23 12:30:00,140.8,141.1672,140.74,140.94,59228.0
2022-12-23 12:15:00,140.81,140.94,140.62,140.8,60980.0
2022-12-23 12:00:00,140.64,140.8471,140.57,140.84,46802.0
2022-12-23 11:45:00,140.695,140.96,140.54,140.67,60335.0
2022-12-23 11:30:00,140.7,140.88,140.64,140.66,48837.0
2022-12-23 11:15:00,141.09,141.12,140.65,140.73,53613.0
2022-12-23 11:00:00,140.81,141.16,140.77,141.1199,54413.0
2022-12-23 10:45:00,140.725,141.01,140.67,140.78,57412.0
2022-12-23 10:30:00,140.12,140.81,140.08,140.72,59435.0
2022-12-23 10:15:00,139.88,140.58,139.81,140.13,85782.0
2022-12-23 10:00:00,140.51,140.5395,139.6,139.835,109122.0
2022-12-23 09:45:00,140.59,140.935,139.97,140.5,155833.0
2022-12-23 09:15:00,140.89,140.89,140.88,140.88,683.0
2022-12-22 19:15:00,140.67,140.67,140.67,140.67,500.0
2022-12-22 17:15:00,140.52,140.75,140.47,140.75,4019.0
2022-12-22 16:30:00,140.99,140.99,140.99,140.99,300.0
2022-12-22 16:15:00,140.88,140.88,140.88,140.88,93858.0
2022-12-22 16:00:00,140.213,140.94,140.18,140.89,318024.0
2022-12-22 15:45:00,140.44,140.49,140.15,140.26,136901.0
2022-12-22 15:30:00,139.9,140.43,139.865,140.42,165688.0
2022-12-22 15:15:00,139.96,140.25,139.83,139.89,113514.0
2022-12-22 15:00:00,139.5,139.99,139.5,139.97,56887.0
2022-12-22 14:45:00,139.61,139.8199,139.39,139.48,58564.0
2022-12-22 14:30:00,139.53,139.68,139.2901,139.63,55198.0
2022-12-22 14:15:00,139.305,139.57,139.27,139.54,69035.0
2022-12-22 14:00:00,139.07,139.35,139.07,139.26,74041.0
2022-12-22 13:45:00,138.86,139.08,138.62,139.08,67438.0
2022-12-22 13:30:00,139.06,139.06,138.75,138.885,58669.0
2022-12-22 13:15:00,139.41,139.41,138.9,139.075,71428.0
2022-12-22 13:00:00,139.2691,139.5,139.24,139.42,69354.0
2022-12-22 12:45:00,139.59,139.7019,139.17,139.2698,60884.0
2022-12-22 12:30:00,140.0724,140.23,139.565,139.6,76960.0
2022-12-22 12:15:00,140.15,140.4,140.08,140.11,94446.0
2022-12-22 12:00:00,139.6934,140.14,139.68,140.14,81079.0
2022-12-22 11:45:00,139.62,139.87,139.49,139.693,110336.0
2022-12-22 11:30:00,139.62,139.7,139.51,139.6283,73048.0
2022-12-22 11:15:00,139.83,139.83,139.48,139.6284,60207.0
2022-12-22 11:00:00,140.0675,140.245,139.85,139.85,68073.0
2022-12-22 10:45:00,139.68,140.1,139.58,140.0368,90834.0
2022-12-22 10:30:00,139.48,139.9,139.38,139.72,95517.0
2022-12-22 10:15:00,139.56,139.57,139.17,139.45,141813.0
2022-12-22 10:00:00,140.44,140.47,139.42,139.56,182527.0
2022-12-22 09:45:00,140.95,141.44,140.0253,140.46,241622.0
2022-12-22 09:30:00,141.92,141.92,141.0,141.0,1760.0
2022-12-22 09:00:00,141.06,141.06,141.06,141.06,100.0
2022-12-22 08:15:00,141.97,141.97,141.97,141.97,215.0
2022-12-22 07:15:00,142.14,142.14,142.14,142.14,550.0
2022-12-21 19:00:00,142.2,142.2,142.2,142.2,227.0
2022-12-21 18:30:00,142.3,142.3,142.3,142.3,236.0
2022-12-21 16:30:00,142.14,142.14,142.14,142.14,6487.0
2022-12-21 16:15:00,142.14,142.14,142.14,142.14,83597.0
2022-12-21 16:00:00,142.34,142.345,141.85,142.14,461647.0
2022-12-21 15:45:00,142.33,142.51,142.24,142.33,164734.0
2022-12-21 15:30:00,142.645,142.67,142.29,142.32,90793.0
2022-12-21 15:15:00,142.7,142.815,142.32,142.63,111764.0
2022-12-21 15:00:00,142.7,142.745,142.61,142.7118,90334.0
2022-12-21 14:45:00,142.74,142.82,142.5456,142.71,64379.0
2022-12-21 14:30:00,143.04,143.075,142.74,142.7479,71707.0
2022-12-21 14:15:00,142.52,143.09,142.52,143.025,138382.0
2022-12-21 14:00:00,142.23,142.53,142.23,142.5081,454805.0
2022-12-21 13:45:00,141.97,142.195,141.97,142.195,37170.0
2022-12-21 13:30:00,142.24,142.24,141.78,141.96,63753.0
2022-12-21 13:15:00,142.2655,142.44,142.17,142.24,66108.0
2022-12-21 13:00:00,142.03,142.27,141.86,142.27,64799.0
2022-12-21 12:45:00,141.87,142.04,141.86,142.03,35820.0
2022-12-21 12:30:00,142.07,142.115,141.77,141.84,64702.0
2022-12-21 12:15:00,141.98,142.18,141.871,142.04,64337.0
2022-12-21 12:00:00,142.66,142.66,141.975,142.0,125849.0
2022-12-21 11:45:00,142.415,142.72,142.415,142.668,84826.0
2022-12-21 11:30:00,142.585,142.61,142.33,142.4,59203.0
2022-12-21 11:15:00,142.31,142.704,142.31,142.59,70260.0
2022-12-21 11:00:00,142.465,142.49,142.08,142.295,99672.0
2022-12-21 10:45:00,142.21,142.565,142.05,142.47,84466.0
2022-12-21 10:30:00,141.7762,142.31,141.755,142.1801,108409.0
2022-12-21 10:15:00,141.11,142.03,141.01,141.765,147575.0
2022-12-21 10:00:00,141.47,141.71,140.975,141.11,161775.0
2022-12-21 09:45:00,141.84,142.115,141.51,141.52,179126.0
2022-12-21 09:30:00,141.9999,141.9999,141.76,141.76,837.0
2022-12-21 09:00:00,142.24,142.24,142.11,142.11,334.0
2022-12-21 08:30:00,142.3161,142.3161,142.3161,142.3161,215.0
2022-12-21 08:15:00,142.01,142.1599,141.92,142.1599,526.0
2022-12-20 20:00:00,141.4,141.69,141.4,141.69,274.0
2022-12-20 17:15:00,141.12,141.12,141.12,141.12,1174.0
2022-12-20 17:00:00,141.28,141.28,141.28,141.28,2200.0
2022-12-20 16:30:00,141.25,141.25,141.25,141.25,100.0
2022-12-20 16:15:00,141.28,141.28,141.25,141.28,317869.0
2022-12-20 16:00:00,141.39,141.405,141.1,141.27,597727.0
2022-12-20 15:45:00,140.98,141.425,140.96,141.395,206537.0
2022-12-20 15:30:00,140.88,141.04,140.66,140.98,135256.0
2022-12-20 15:15:00,140.97,140.97,140.64,140.89,147324.0
2022-12-20 15:00:00,140.9,141.19,140.9,140.97,116007.0
2022-12-20 14:45:00,140.88,141.07,140.72,140.895,123965.0
2022-12-20 14:30:00,140.97,141.05,140.8,140.9,82307.0
2022-12-20 14:15:00,140.706,141.01,140.61,140.97,79505.0
2022-12-20 14:00:00,141.08,141.09,140.67,140.69,63332.0
2022-12-20 13:45:00,140.9269,141.12,140.91,141.07,81592.0
2022-12-20 13:30:00,140.67,140.91,140.49,140.88,93525.0
2022-12-20 13:15:00,140.7601,140.825,140.565,140.66,64267.0
2022-12-20 13:00:00,140.475,140.77,140.435,140.755,71425.0
2022-12-20 12:45:00,140.34,140.54,140.26,140.479,61570.0
2022-12-20 12:30:00,140.24,140.51,140.195,140.35,70334.0
2022-12-20 12:15:00,140.21,140.44,140.1604,140.24,61590.0
2022-12-20 12:00:00,140.05,140.4,139.95,140.19,108578.0
2022-12-20 11:45:00,139.22,140.03,139.21,140.03,146831.0
2022-12-20 11:30:00,140.06,140.07,139.19,139.19,90900.0
2022-12-20 11:15:00,139.82,140.19,139.77,140.07,788726.0
2022-12-20 11:00:00,139.93,140.015,139.78,139.83,129223.0
2022-12-20 10:45:00,139.68,139.93,139.425,139.93,102941.0
2022-12-20 10:30:00,139.83,140.05,139.61,139.66,176942.0
2022-12-20 10:15:00,139.28,139.91,139.28,139.83,182171.0
2022-12-20 10:00:00,138.585,139.33,138.44,139.27,127465.0
2022-12-20 09:45:00,138.84,139.14,138.34,138.57,252531.0
2022-12-20 09:30:00,138.81,138.81,138.81,138.81,249.0
2022-12-20 08:45:00,138.7,138.7,138.7,138.7,436.0
2022-12-20 08:15:00,138.48,138.48,138.48,138.48,2025.0
2022-12-19 19:15:00,138.88,138.88,138.88,138.88,105.0
2022-12-19 18:30:00,138.84,138.84,138.56,138.56,1167.0
2022-12-19 18:15:00,138.79,138.81,138.79,138.81,695.0
2022-12-19 17:30:00,138.55,138.55,138.55,138.55,300.0
2022-12-19 17:15:00,138.63,138.63,138.59,138.59,3092.0
2022-12-19 16:45:00,138.75,138.75,138.6002,138.6002,1017.0
2022-12-19 16:30:00,138.87,138.87,138.81,138.81,12428.0
2022-12-19 16:15:00,138.87,138.87,138.81,138.81,208020.0
2022-12-19 16:00:00,138.24,138.89,138.24,138.83,723986.0
2022-12-19 15:45:00,137.8,138.27,137.78,138.25,577632.0
2022-12-19 15:30:00,137.535,137.905,137.535,137.81,129770.0
2022-12-19 15:15:00,137.42,137.72,137.275,137.53,156378.0
2022-12-19 15:00:00,137.5,137.595,137.27,137.44,97183.0
2022-12-19 14:45:00,137.46,137.58,137.38,137.48,71805.0
2022-12-19 14:30:00,137.71,137.795,137.43,137.45,80453.0
2022-12-19 14:15:00,137.51,137.7361,137.35,137.72,99556.0
2022-12-19 14:00:00,137.21,137.536,137.21,137.52,101665.0
2022-12-19 13:45:00,137.6,137.69,137.195,137.2073,138007.0
2022-12-19 13:30:00,137.86,137.89,137.56,137.62,113868.0
2022-12-19 13:15:00,138.095,138.235,137.72,137.86,96813.0
2022-12-19 13:00:00,138.045,138.27,137.995,138.095,130481.0
2022-12-19 12:45:00,137.98,138.17,137.83,138.065,105705.0
2022-12-19 12:30:00,138.11,138.23,137.87,137.96,110008.0
2022-12-19 12:15:00,137.945,138.155,137.85,138.105,102372.0
2022-12-19 12:00:00,137.83,137.98,137.805,137.93,131355.0
2022-12-19 11:45:00,138.2,138.335,137.53,137.829,216980.0
2022-12-19 11:30:00,138.31,138.64,138.11,138.21,141768.0
2022-12-19 11:15:00,138.9,138.92,138.3037,138.3037,145596.0
2022-12-19 11:00:00,138.9404,139.04,138.64,138.88,178666.0
2022-12-19 10:45:00,139.65,139.65,138.9,138.9456,92663.0
2022-12-19 10:30:00,139.57,139.99,139.52,139.66,72237.0
2022-12-19 10:15:00,139.755,139.79,139.45,139.59,93306.0
2022-12-19 10:00:00,140.33,140.44,139.63,139.75,133104.0
2022-12-19 09:45:00,140.16,140.43,139.75,140.35,268890.0
2022-12-19 09:30:00,140.6,140.6,140.6,140.6,111.0
2022-12-19 09:00:00,140.36,140.36,140.36,140.36,400.0
2022-12-19 08:15:00,140.88,140.88,140.65,140.65,522.0
